recency,frequency,monetary,cluster,predicted_class,predicted_reg
1001,2,121.53,2,0,889.317208639622
1549,2,93.52,2,0,989.1632500958634
